num_nodes,num_edges,avg_degree,density,is_connected,num_strongly_connected_components,num_weakly_connected_components,CPP_number
52,41,1.5769230769230769,0.01546003016591252,False,52,11,CPP_28
65,51,1.5692307692307692,0.012259615384615384,False,65,14,CPP_25
67,48,1.4328358208955223,0.010854816824966078,False,67,19,CPP_16
5,3,1.2,0.15,False,5,2,CPP_77
18,12,1.3333333333333333,0.0392156862745098,False,18,6,CPP_43
24,16,1.3333333333333333,0.028985507246376812,False,24,8,CPP_40
33,22,1.3333333333333333,0.020833333333333332,False,33,11,CPP_83
26,17,1.3076923076923077,0.026153846153846153,False,26,9,CPP_8
42,28,1.3333333333333333,0.016260162601626018,False,42,14,CPP_21
