num_nodes,num_edges,avg_degree,density,is_connected,num_strongly_connected_components,num_weakly_connected_components,CPP_number
45,31,1.3777777777777778,0.015656565656565657,False,45,14,CPP_95
18,11,1.2222222222222223,0.03594771241830065,False,18,7,CPP_49
12,8,1.3333333333333333,0.06060606060606061,False,12,4,CPP_39
1,0,0.0,0.0,True,1,1,CPP_60
1,0,0.0,0.0,True,1,1,CPP_45
58,40,1.3793103448275863,0.012099213551119177,False,58,18,CPP_48
74,49,1.3243243243243243,0.009070714550166606,False,74,25,CPP_124
